tamanho;media;desvio_padrao;
4;0.007000;0.013675;
8;0.008000;0.014670;
12;0.014800;0.034508;
16;0.023200;0.053946;
20;0.030800;0.073741;